id,engine,path,extension,bytes,sha256,kind,category,description,risk,has_header,parameters,secret_flags,target
postgres:README.md,postgres,README.md,.md,674,d68e139b18aca3e54dc14841b778417e45f6eb53cc46dc4b9097fcad1a8b4bc2,documentation,utilities,postgres utilities helper: README.,REVIEW,False,[],False,README.md
postgres:docs/diagnostics/sessions/database_events.txt,postgres,docs/diagnostics/sessions/database_events.txt,.txt,702,7345d1fb20ffc52028a298c5bee307da77d63eda5a2e63291004200d4653b7cc,documentation,diagnostics/sessions,postgres diagnostics/sessions helper: database events.,READ_ONLY,False,[],False,docs/diagnostics/sessions/database_events.txt
postgres:docs/utilities/c_commands.txt,postgres,docs/utilities/c_commands.txt,.txt,1008,40b6c294386f6d5b2f58c959d1ce626806dc612cc0cf92726177a6e255323977,documentation,utilities,postgres utilities helper: c commands.,CHANGES,True,[],False,docs/utilities/c_commands.txt
postgres:scripts/backup_recovery/README.md,postgres,scripts/backup_recovery/README.md,.md,296,abf8bb4fb1c9afcb39031a3243ccbe3a3ffcf9d48190a530af8220bd73679e52,documentation,backup_recovery,postgres backup_recovery helper: README.,REVIEW,False,[],False,scripts/backup_recovery/README.md
postgres:scripts/backup_recovery/pg_dump.sh,postgres,scripts/backup_recovery/pg_dump.sh,.sh,876,153e4b6729d16a55568b18a67ce2043245012083501a9d2be33fa25b93d62938,script,backup_recovery,postgres backup_recovery helper: pg dump.,REVIEW,True,[],False,scripts/backup_recovery/pg_dump.sh
postgres:scripts/backup_recovery/s3_export_import_steps.sh,postgres,scripts/backup_recovery/s3_export_import_steps.sh,.sh,4499,4f8dc5d92a9e98164147f577e02774c53fe0a956bf4b0aba61f7062e955a6047,script,backup_recovery,postgres backup_recovery helper: s3 export import steps.,CHANGES,True,"['AbortMultipartUpload', 'AssumeRole', 'GetObject', 'ListBucket', 'PutObject', 'SourceAccount', 'SourceArn', 'aws', 'db', 'iam', 'pglab', 'policy', 'rds', 'role', 's3', 'us']",False,scripts/backup_recovery/s3_export_import_steps.sh
postgres:scripts/diagnostics/sessions/README.md,postgres,scripts/diagnostics/sessions/README.md,.md,572,525c73fa14c2fc3816f0c57c2abf646280d4ec7b1e5e454d18a0ed0c2bbe9ae3,documentation,diagnostics/sessions,postgres diagnostics/sessions helper: README.,REVIEW,False,[],False,scripts/diagnostics/sessions/README.md
postgres:scripts/diagnostics/sessions/autovacuum_pg_stat_activity.sql,postgres,scripts/diagnostics/sessions/autovacuum_pg_stat_activity.sql,.sql,1073,a39befd89ee8e88605fcbeee8877f57d72f001c06f28129d608f29aefa8e236b,script,diagnostics/sessions,postgres diagnostics/sessions helper: autovacuum pg stat activity.,CHANGES,True,[],False,scripts/diagnostics/sessions/autovacuum_pg_stat_activity.sql
postgres:scripts/diagnostics/sessions/current_query_pid.sql,postgres,scripts/diagnostics/sessions/current_query_pid.sql,.sql,818,963e2274d500da9f407483336f38f278bf1b1e37b8a67df49a09cee77f8b8f03,script,diagnostics/sessions,postgres diagnostics/sessions helper: current query pid.,READ_ONLY,True,['pid'],False,scripts/diagnostics/sessions/current_query_pid.sql
postgres:scripts/diagnostics/sessions/kill_session.sql,postgres,scripts/diagnostics/sessions/kill_session.sql,.sql,822,9c1c4cddcd762a3466cc563b7b90efd89be81c9ebc05f4a24a945f1d3a4591ef,script,diagnostics/sessions,postgres diagnostics/sessions helper: kill session.,DESTRUCTIVE,True,[],False,scripts/diagnostics/sessions/kill_session.sql
postgres:scripts/diagnostics/sessions/list_sessions.sql,postgres,scripts/diagnostics/sessions/list_sessions.sql,.sql,1102,f5ca6f1bc41151ae40388a31d86ffc891fc60707e875362b148fbf1078afc2a3,script,diagnostics/sessions,postgres diagnostics/sessions helper: list sessions.,READ_ONLY,True,[],False,scripts/diagnostics/sessions/list_sessions.sql
postgres:scripts/diagnostics/sessions/list_sessions_active.sql,postgres,scripts/diagnostics/sessions/list_sessions_active.sql,.sql,1167,fa1361bf2b261218820537278c79815da10d3d5dbc367eff48243bea066cdd6d,script,diagnostics/sessions,postgres diagnostics/sessions helper: list sessions active.,READ_ONLY,True,[],False,scripts/diagnostics/sessions/list_sessions_active.sql
postgres:scripts/diagnostics/sessions/pg_locks.sql,postgres,scripts/diagnostics/sessions/pg_locks.sql,.sql,1955,d6a3ae2092351e678a24f8a1d4883ed88e1593b2b900027ed53d4cd1bebe5db1,script,diagnostics/sessions,postgres diagnostics/sessions helper: pg locks.,READ_ONLY,True,[],False,scripts/diagnostics/sessions/pg_locks.sql
postgres:scripts/diagnostics/sessions/pg_locks_fastpath.sql,postgres,scripts/diagnostics/sessions/pg_locks_fastpath.sql,.sql,1019,7770de2f4b1292a8fe6c4790dc9745a1159926ea915290f8ec67bc175d6e9f35,script,diagnostics/sessions,postgres diagnostics/sessions helper: pg locks fastpath.,READ_ONLY,True,[],False,scripts/diagnostics/sessions/pg_locks_fastpath.sql
postgres:scripts/diagnostics/sessions/pg_stat_activity.sql,postgres,scripts/diagnostics/sessions/pg_stat_activity.sql,.sql,980,dacbf32017c1e5b95bf6581259c82a49c1cee158c549dea8f28650d8667148ae,script,diagnostics/sessions,postgres diagnostics/sessions helper: pg stat activity.,READ_ONLY,True,[],False,scripts/diagnostics/sessions/pg_stat_activity.sql
postgres:scripts/diagnostics/sessions/postgres_lock_trees.sql,postgres,scripts/diagnostics/sessions/postgres_lock_trees.sql,.sql,2865,3cf2917ff25db221bc6169974b6ba7962c916a61236c1f68e040c9dcbe5ce5e6,script,diagnostics/sessions,postgres diagnostics/sessions helper: postgres lock trees.,READ_ONLY,True,"['int', 'interval', 'text']",False,scripts/diagnostics/sessions/postgres_lock_trees.sql
postgres:scripts/diagnostics/sessions/top_wait_events.sql,postgres,scripts/diagnostics/sessions/top_wait_events.sql,.sql,903,f13153c828d754ccc245a6ff13200a2f653b688b9bc4505df2b7e450762fc38b,script,diagnostics/sessions,postgres diagnostics/sessions helper: top wait events.,READ_ONLY,True,[],False,scripts/diagnostics/sessions/top_wait_events.sql
postgres:scripts/maintenance/README.md,postgres,scripts/maintenance/README.md,.md,294,729b6081ff00ab2736be8062c2287c6ff9725a2260c4d27170933d6f8aa56114,documentation,maintenance,postgres maintenance helper: README.,REVIEW,False,[],False,scripts/maintenance/README.md
postgres:scripts/maintenance/cron.sql,postgres,scripts/maintenance/cron.sql,.sql,1377,77a4f457d5afcf04ed8cacb201ddf320578539b8c88547120b2ea731305d84fd,script,maintenance,postgres maintenance helper: cron.,DESTRUCTIVE,True,[],False,scripts/maintenance/cron.sql
postgres:scripts/maintenance/pg_available_extensions.sql,postgres,scripts/maintenance/pg_available_extensions.sql,.sql,837,f6a1995ebbc09fce0736bef0c11d65f903f8edf207fb9c9d3342bae88385bba9,script,maintenance,postgres maintenance helper: pg available extensions.,READ_ONLY,True,[],False,scripts/maintenance/pg_available_extensions.sql
postgres:scripts/maintenance/pg_cron_launcher.sql,postgres,scripts/maintenance/pg_cron_launcher.sql,.sql,1042,bb0dcb50fcc0aa72e8ef8386ee3a4317d7a836525252c98ab07320c6cec439cc,script,maintenance,postgres maintenance helper: pg cron launcher.,READ_ONLY,True,[],False,scripts/maintenance/pg_cron_launcher.sql
postgres:scripts/maintenance/pg_settings.sql,postgres,scripts/maintenance/pg_settings.sql,.sql,847,46b821445c757a51d7dbbe2584d29757b573a6367a88e55e24ef3401f6f45920,script,maintenance,postgres maintenance helper: pg settings.,READ_ONLY,True,[],False,scripts/maintenance/pg_settings.sql
postgres:scripts/maintenance/update_extension.sql,postgres,scripts/maintenance/update_extension.sql,.sql,827,bf5fba081e7d957edd095fe1a28df3004e8d1131faeae2a8db583d4dc1c74968,script,maintenance,postgres maintenance helper: update extension.,CHANGES,True,[],False,scripts/maintenance/update_extension.sql
postgres:scripts/performance/tuning/README.md,postgres,scripts/performance/tuning/README.md,.md,1590,3265d667258cab269049015a647546f3823e5292505e9f17d7c1b7caedd62a0f,documentation,performance/tuning,postgres performance/tuning helper: README.,CHANGES,False,[],False,scripts/performance/tuning/README.md
postgres:scripts/performance/tuning/apg_plan_mgmt.enable.sql,postgres,scripts/performance/tuning/apg_plan_mgmt.enable.sql,.sql,2527,46fe198331645dafba8088ddfcdea03522d086f376ec02950f36254df219c39f,script,performance/tuning,postgres performance/tuning helper: apg plan mgmt.enable.,CHANGES,True,[],False,scripts/performance/tuning/apg_plan_mgmt.enable.sql
postgres:scripts/performance/tuning/au.apg_plan_mgmt.dba_plans.sql,postgres,scripts/performance/tuning/au.apg_plan_mgmt.dba_plans.sql,.sql,906,6f8d1d6b10d48128aaefcfbb5e371ec8d37df62c9bf3b8df78ed83af56eb2815,script,performance/tuning,postgres performance/tuning helper: au.apg plan mgmt.dba plans.,READ_ONLY,True,[],False,scripts/performance/tuning/au.apg_plan_mgmt.dba_plans.sql
postgres:scripts/performance/tuning/autovacuum_eligible_tables.sql,postgres,scripts/performance/tuning/autovacuum_eligible_tables.sql,.sql,2684,54cd61f75dea6473f69563d952227b54577d6aac152eaa21f4a1c8fa2f18532e,script,performance/tuning,postgres performance/tuning helper: autovacuum eligible tables.,READ_ONLY,True,['float'],False,scripts/performance/tuning/autovacuum_eligible_tables.sql
postgres:scripts/performance/tuning/autovacuum_kill.sql,postgres,scripts/performance/tuning/autovacuum_kill.sql,.sql,955,6a3f566248fd7103ceba7f432beba9f4eb817e23d9a6801ddbcc99539dd910f1,script,performance/tuning,postgres performance/tuning helper: autovacuum kill.,DESTRUCTIVE,True,[],False,scripts/performance/tuning/autovacuum_kill.sql
postgres:scripts/performance/tuning/autovacuum_per_table_settings.sql,postgres,scripts/performance/tuning/autovacuum_per_table_settings.sql,.sql,3412,859c8d71e10cbbc9676edbeee6bfa8017987d559ef09e432723c605f0211d3b8,script,performance/tuning,postgres performance/tuning helper: autovacuum per table settings.,CHANGES,True,"['MI', 'SS', 'float8']",False,scripts/performance/tuning/autovacuum_per_table_settings.sql
postgres:scripts/performance/tuning/autovacuum_progress.sql,postgres,scripts/performance/tuning/autovacuum_progress.sql,.sql,839,eca5b56222ffd892d56d2ba42b442eb1ee518344b3265910143b35fc4f997129,script,performance/tuning,postgres performance/tuning helper: autovacuum progress.,READ_ONLY,True,[],False,scripts/performance/tuning/autovacuum_progress.sql
postgres:scripts/performance/tuning/autovacuum_queries.sql,postgres,scripts/performance/tuning/autovacuum_queries.sql,.sql,1523,3c18518412496c5938706c1ca40812bc8b01e387c8a12c3473932fd1344401a0,script,performance/tuning,postgres performance/tuning helper: autovacuum queries.,READ_ONLY,True,[],False,scripts/performance/tuning/autovacuum_queries.sql
postgres:scripts/performance/tuning/autovacuum_settings.sql,postgres,scripts/performance/tuning/autovacuum_settings.sql,.sql,7353,fdba303355ff994395df2cd20baab6e9acc8323a86cc552496943d42aaf341d5,script,performance/tuning,postgres performance/tuning helper: autovacuum settings.,DESTRUCTIVE,True,[],False,scripts/performance/tuning/autovacuum_settings.sql
postgres:scripts/performance/tuning/autovacuum_test.sql,postgres,scripts/performance/tuning/autovacuum_test.sql,.sql,3939,b52cade7940282f2aed5a5226f9b015b60a57a93f73f23f07c34651afa83ed2e,script,performance/tuning,postgres performance/tuning helper: autovacuum test.,CHANGES,True,['boolean'],False,scripts/performance/tuning/autovacuum_test.sql
postgres:scripts/performance/tuning/autovacuum_threshold.sql,postgres,scripts/performance/tuning/autovacuum_threshold.sql,.sql,1793,9de4e08a3ef45fb2a2310aa188499e14d24435ff69622829b8397b9352819c05,script,performance/tuning,postgres performance/tuning helper: autovacuum threshold.,CHANGES,True,[],False,scripts/performance/tuning/autovacuum_threshold.sql
postgres:scripts/performance/tuning/autovacuum_timeout.sql,postgres,scripts/performance/tuning/autovacuum_timeout.sql,.sql,1912,2704eb55d50c9445dd9dec1103733c1a811f175188b5736dfad8d16b66f1a617,script,performance/tuning,postgres performance/tuning helper: autovacuum timeout.,CHANGES,True,[],False,scripts/performance/tuning/autovacuum_timeout.sql
postgres:scripts/performance/tuning/autovacuum_when_it_started.sql,postgres,scripts/performance/tuning/autovacuum_when_it_started.sql,.sql,919,ab7bc5ca6837441575776ccc96a021eeb7b55e44f9306951fc751f9b89a86f48,script,performance/tuning,postgres performance/tuning helper: autovacuum when it started.,READ_ONLY,True,[],False,scripts/performance/tuning/autovacuum_when_it_started.sql
postgres:scripts/performance/tuning/db_performance.sql,postgres,scripts/performance/tuning/db_performance.sql,.sql,1719,ab44e0338214ede8357eb4471c722a9bec00454b116d3d039a5135370a3fd6ea,script,performance/tuning,postgres performance/tuning helper: db performance.,READ_ONLY,True,[],False,scripts/performance/tuning/db_performance.sql
postgres:scripts/performance/tuning/detect_bloat.sql,postgres,scripts/performance/tuning/detect_bloat.sql,.sql,2653,8b6ef6ccd86733c2061b70cb4d27dab805442c8a6d8bb02466f7a08d0a7cda66,script,performance/tuning,postgres performance/tuning helper: detect bloat.,DESTRUCTIVE,True,['float'],False,scripts/performance/tuning/detect_bloat.sql
postgres:scripts/performance/tuning/hash_indexes.sql,postgres,scripts/performance/tuning/hash_indexes.sql,.sql,1197,c981c4cd7fbbc4b422f788d7e6ac946bcbf268ec1fda69f480ad90ca97e0ab6c,script,performance/tuning,postgres performance/tuning helper: hash indexes.,READ_ONLY,True,['regclass'],False,scripts/performance/tuning/hash_indexes.sql
postgres:scripts/performance/tuning/index_size.sql,postgres,scripts/performance/tuning/index_size.sql,.sql,832,709306443febd395056072b44224317f27e65ff51e182f38bb20f31148802479,script,performance/tuning,postgres performance/tuning helper: index size.,READ_ONLY,True,[],False,scripts/performance/tuning/index_size.sql
postgres:scripts/performance/tuning/pg_repack.sql,postgres,scripts/performance/tuning/pg_repack.sql,.sql,893,5080d158a064c5b1048ed80849819ce53f1880b54f978fa04e1e77808a9a99a1,script,performance/tuning,postgres performance/tuning helper: pg repack.,CHANGES,True,[],False,scripts/performance/tuning/pg_repack.sql
postgres:scripts/performance/tuning/pg_stat_all_indexes.sql,postgres,scripts/performance/tuning/pg_stat_all_indexes.sql,.sql,835,3044927d74109c18685578d2850e9b247795f1ce5a65b7221f189b88d9fd1327,script,performance/tuning,postgres performance/tuning helper: pg stat all indexes.,READ_ONLY,True,[],False,scripts/performance/tuning/pg_stat_all_indexes.sql
postgres:scripts/performance/tuning/pg_stat_progress_create_index.sql,postgres,scripts/performance/tuning/pg_stat_progress_create_index.sql,.sql,901,e6b870c91ce0bff430393b87ea55cf945fab35db2351b7023e9a1f23c5fd6058,script,performance/tuning,postgres performance/tuning helper: pg stat progress create index.,CHANGES,True,[],False,scripts/performance/tuning/pg_stat_progress_create_index.sql
postgres:scripts/performance/tuning/pg_stat_replication.sql,postgres,scripts/performance/tuning/pg_stat_replication.sql,.sql,995,a02933f5d3bf1dd26633787597a7b6ccf72eb9faf08e61878f171f79f3173e4c,script,performance/tuning,postgres performance/tuning helper: pg stat replication.,READ_ONLY,True,[],False,scripts/performance/tuning/pg_stat_replication.sql
postgres:scripts/performance/tuning/pg_stat_statements.sql,postgres,scripts/performance/tuning/pg_stat_statements.sql,.sql,996,dcc78b2f83c1ce890caa87280ffe0979a58ab293ac808516eba6c710e274a61a,script,performance/tuning,postgres performance/tuning helper: pg stat statements.,READ_ONLY,True,[],False,scripts/performance/tuning/pg_stat_statements.sql
postgres:scripts/performance/tuning/pg_stat_user_indexes.sql,postgres,scripts/performance/tuning/pg_stat_user_indexes.sql,.sql,896,26c88394e3c06e1f5b2a97bd00f399c55c776026628e8bfbfe65efce226ef413,script,performance/tuning,postgres performance/tuning helper: pg stat user indexes.,READ_ONLY,True,[],False,scripts/performance/tuning/pg_stat_user_indexes.sql
postgres:scripts/performance/tuning/pg_stat_user_tables.sql,postgres,scripts/performance/tuning/pg_stat_user_tables.sql,.sql,1015,21ed00febd64a496552c47e6d6986c02c5c59d3e70b053395de86bd6a157836c,script,performance/tuning,postgres performance/tuning helper: pg stat user tables.,READ_ONLY,True,[],False,scripts/performance/tuning/pg_stat_user_tables.sql
postgres:scripts/performance/tuning/pg_stats.sql,postgres,scripts/performance/tuning/pg_stats.sql,.sql,825,4947a21beb09fed9b4a48a034ef6be87df1054f782892abdb5feef45f69c3ab4,script,performance/tuning,postgres performance/tuning helper: pg stats.,READ_ONLY,True,[],False,scripts/performance/tuning/pg_stats.sql
postgres:scripts/performance/tuning/reindex.sql,postgres,scripts/performance/tuning/reindex.sql,.sql,804,939912555ece4af064560926d4fb2e89279e5fed84069d4d55cbd4a354225a5e,script,performance/tuning,postgres performance/tuning helper: reindex.,CHANGES,True,[],False,scripts/performance/tuning/reindex.sql
postgres:scripts/performance/tuning/tup_modifications_pg_stat_user_tables.sql,postgres,scripts/performance/tuning/tup_modifications_pg_stat_user_tables.sql,.sql,964,d7b84f7150a54c6f666cc2a271f616dd85fa674e10393bebe87e95e5c2d4e6f0,script,performance/tuning,postgres performance/tuning helper: tup modifications pg stat user tables.,READ_ONLY,True,[],False,scripts/performance/tuning/tup_modifications_pg_stat_user_tables.sql
postgres:scripts/performance/tuning/vacuum_eligible_tables.sql,postgres,scripts/performance/tuning/vacuum_eligible_tables.sql,.sql,2530,2bb2459dd228b4f83808a423c87369fec99b964abefcf1e50c7345a644a35a9f,script,performance/tuning,postgres performance/tuning helper: vacuum eligible tables.,CHANGES,True,['float'],False,scripts/performance/tuning/vacuum_eligible_tables.sql
postgres:scripts/performance/tuning/vacuum_last_vacuumed_tables.sql,postgres,scripts/performance/tuning/vacuum_last_vacuumed_tables.sql,.sql,1192,10a6bb25366c41494e7f32810b8663f29b26b84c5c69cb073c4cbf1366845954,script,performance/tuning,postgres performance/tuning helper: vacuum last vacuumed tables.,CHANGES,True,[],False,scripts/performance/tuning/vacuum_last_vacuumed_tables.sql
postgres:scripts/performance/tuning/vacuum_running_jobs.sql,postgres,scripts/performance/tuning/vacuum_running_jobs.sql,.sql,980,d1e1583c9a40de754404ef700f60dbf569110db170346bcb7c8742bcb39bae23,script,performance/tuning,postgres performance/tuning helper: vacuum running jobs.,CHANGES,True,[],False,scripts/performance/tuning/vacuum_running_jobs.sql
postgres:scripts/performance/tuning/vacuum_table.sql,postgres,scripts/performance/tuning/vacuum_table.sql,.sql,837,88ba01aec7d4c9044b1210bcc9089ddc78d1059d6a6f57172a8e49bdfeee5a49,script,performance/tuning,postgres performance/tuning helper: vacuum table.,CHANGES,True,[],False,scripts/performance/tuning/vacuum_table.sql
postgres:scripts/replication/README.md,postgres,scripts/replication/README.md,.md,655,95739350da2dfa98eac6c5a5fc3a59a6514d0e51ac4969e235cf3429ca50d7f2,documentation,replication,postgres replication helper: README.,REVIEW,True,[],False,scripts/replication/README.md
postgres:scripts/replication/check_is_replica_instance_pg_is_in_recovery.sql,postgres,scripts/replication/check_is_replica_instance_pg_is_in_recovery.sql,.sql,886,ab178f544e56432043094dcdb2f18d99d7188d395837f46aabdabada85e5a6dd,script,replication,postgres replication helper: check is replica instance pg is in recovery.,READ_ONLY,True,[],False,scripts/replication/check_is_replica_instance_pg_is_in_recovery.sql
postgres:scripts/replication/pg_class_replica.sql,postgres,scripts/replication/pg_class_replica.sql,.sql,1017,a8d6f8e240fbb313dbc79d40eb441bb652f23ab3527165b9b2bf2524ed628fc4,script,replication,postgres replication helper: pg class replica.,READ_ONLY,True,[],False,scripts/replication/pg_class_replica.sql
postgres:scripts/replication/pg_current_lsn.sql,postgres,scripts/replication/pg_current_lsn.sql,.sql,829,caccb388caf2cf89a3185816cad060f98cb9661c299a2cf6bf48bfd2d19f365c,script,replication,postgres replication helper: pg current lsn.,READ_ONLY,True,[],False,scripts/replication/pg_current_lsn.sql
postgres:scripts/replication/pg_drop_replication_slot.sql,postgres,scripts/replication/pg_drop_replication_slot.sql,.sql,843,30334c16262850bfb8684047de76aedf88b2802cd3faeb27131068a529fac63c,script,replication,postgres replication helper: pg drop replication slot.,DESTRUCTIVE,True,[],False,scripts/replication/pg_drop_replication_slot.sql
postgres:scripts/replication/pg_publication_tables.sql,postgres,scripts/replication/pg_publication_tables.sql,.sql,829,5f836c67ad1fec4530a3e71d47d9f3dc4069239457747514ece7e8c8f4beb5b7,script,replication,postgres replication helper: pg publication tables.,READ_ONLY,True,[],False,scripts/replication/pg_publication_tables.sql
postgres:scripts/replication/pg_replication_lag.sql,postgres,scripts/replication/pg_replication_lag.sql,.sql,1225,993bf8a2456075904ffef4b00e4a70c682f0be5c885ae6dbd04cbf2ea496d3a8,script,replication,postgres replication helper: pg replication lag.,READ_ONLY,True,['int'],False,scripts/replication/pg_replication_lag.sql
postgres:scripts/replication/pg_replication_slots.sql,postgres,scripts/replication/pg_replication_slots.sql,.sql,1207,961234f356b68622bbedf805845342925286d43763f6698710e0c7a5fe7a7f04,script,replication,postgres replication helper: pg replication slots.,READ_ONLY,True,[],False,scripts/replication/pg_replication_slots.sql
postgres:scripts/replication/pg_replication_slots_create.sql,postgres,scripts/replication/pg_replication_slots_create.sql,.sql,925,e74a95330d94eb94adf3b0892a0e2ff7e0c8927ef7fd4f9b3b2ccc874b2731a2,script,replication,postgres replication helper: pg replication slots create.,CHANGES,True,[],False,scripts/replication/pg_replication_slots_create.sql
postgres:scripts/replication/pg_walfile_name_lsn.sql,postgres,scripts/replication/pg_walfile_name_lsn.sql,.sql,926,b22cb2a932597faa08701eed61a57aef10b364057c9fec570afc6378ba907675,script,replication,postgres replication helper: pg walfile name lsn.,READ_ONLY,True,[],False,scripts/replication/pg_walfile_name_lsn.sql
postgres:scripts/replication/publications.sql,postgres,scripts/replication/publications.sql,.sql,767,196fe9929ad95bf9846b195cac231f9bfd26ebc3ca8bbb20a565ce8e5b1ca1b9,script,replication,postgres replication helper: publications.,READ_ONLY,True,[],False,scripts/replication/publications.sql
postgres:scripts/replication/replica_identity_table.sql,postgres,scripts/replication/replica_identity_table.sql,.sql,1007,0d1dddb2715bb8316ed212cc37eeae8dce46735b63397ac49c9a409c719f224d,script,replication,postgres replication helper: replica identity table.,READ_ONLY,True,['regclass'],False,scripts/replication/replica_identity_table.sql
postgres:scripts/security/README.md,postgres,scripts/security/README.md,.md,202,49a5b2242a6f187dd732254c9b4e1648779f6b3483ec105c4ebe7c47a279d207,documentation,security,postgres security helper: README.,REVIEW,False,[],False,scripts/security/README.md
postgres:scripts/security/create_user_external.sql,postgres,scripts/security/create_user_external.sql,.sql,873,443004e3ad11d7ea15fdb594d02f23560b96c05cf656bec8045784aec5a3d715,script,security,postgres security helper: create user external.,CHANGES,True,[],False,scripts/security/create_user_external.sql
postgres:scripts/security/psql_ssl_proxy.sh,postgres,scripts/security/psql_ssl_proxy.sh,.sh,862,c176fd3a617d2f7b67d22115035dc24fa842417e781defe5bb094e6f7c0eb9b4,script,security,postgres security helper: psql ssl proxy.,REVIEW,True,[],False,scripts/security/psql_ssl_proxy.sh
postgres:scripts/security/ssl_client_verify.sql,postgres,scripts/security/ssl_client_verify.sql,.sql,1023,0d2b977fc0a605f3fd196f2bcf985745caffb776fcdc6ce92cff72fbd80a9800,script,security,postgres security helper: ssl client verify.,CHANGES,True,[],False,scripts/security/ssl_client_verify.sql
postgres:scripts/storage/README.md,postgres,scripts/storage/README.md,.md,1197,68089e9212c5651efd3335f9443119f27d50db51c2d1027f01ea2bab508a79c1,documentation,storage,postgres storage helper: README.,REVIEW,True,[],False,scripts/storage/README.md
postgres:scripts/storage/create_big_table.sql,postgres,scripts/storage/create_big_table.sql,.sql,1522,0b36a5f8a36b19a6fb3b130cb98b8a450452df43b66f417844b773b205560bb6,script,storage,postgres storage helper: create big table.,DESTRUCTIVE,True,['text'],False,scripts/storage/create_big_table.sql
postgres:scripts/storage/create_big_table2.sql,postgres,scripts/storage/create_big_table2.sql,.sql,1497,78366d61f0c32ef4d36e3c641359968c3f08523f1d7438f59cb7d4f5b8244fe6,script,storage,postgres storage helper: create big table2.,CHANGES,True,['text'],False,scripts/storage/create_big_table2.sql
postgres:scripts/storage/create_big_table3.sql,postgres,scripts/storage/create_big_table3.sql,.sql,1525,8bab0915f350e076c333c035398773fbecb89acbe5f473e25239d526e3ccf569,script,storage,postgres storage helper: create big table3.,DESTRUCTIVE,True,['text'],False,scripts/storage/create_big_table3.sql
postgres:scripts/storage/create_big_table4.sql,postgres,scripts/storage/create_big_table4.sql,.sql,1525,84e6d2eabb1e385163268491c3fdf0610fb1afe9ef23d2d297462ff2e4e78e86,script,storage,postgres storage helper: create big table4.,DESTRUCTIVE,True,['text'],False,scripts/storage/create_big_table4.sql
postgres:scripts/storage/create_big_table6.sql,postgres,scripts/storage/create_big_table6.sql,.sql,1525,5976429e71a8a2ca9686f6a622f673312f76590b13329da37ca6e5f495f4677f,script,storage,postgres storage helper: create big table6.,DESTRUCTIVE,True,['text'],False,scripts/storage/create_big_table6.sql
postgres:scripts/storage/create_large_table.sql,postgres,scripts/storage/create_large_table.sql,.sql,1093,341fff499e28cd7f08f22cfae0b3b0e18f158b3bd20a116734505085c85cce66,script,storage,postgres storage helper: create large table.,CHANGES,True,['text'],False,scripts/storage/create_large_table.sql
postgres:scripts/storage/create_part_table.sql,postgres,scripts/storage/create_part_table.sql,.sql,7126,3cb891ed1f35bf4515302601b3970bc1b8d3afedc9884b818270977134adef10,script,storage,postgres storage helper: create part table.,DESTRUCTIVE,True,['regclass'],False,scripts/storage/create_part_table.sql
postgres:scripts/storage/db_size.sql,postgres,scripts/storage/db_size.sql,.sql,978,661fc9079bae9fa5bdb02f3ceee801208a2307d18c7d48cc5c498ae7a1e74fd6,script,storage,postgres storage helper: db size.,READ_ONLY,True,[],False,scripts/storage/db_size.sql
postgres:scripts/storage/describe_table.sql,postgres,scripts/storage/describe_table.sql,.sql,779,c0a9b97f4389d38432a7db9ce0864881dd27311ce0da12e6401d476c59346860,script,storage,postgres storage helper: describe table.,READ_ONLY,True,[],False,scripts/storage/describe_table.sql
postgres:scripts/storage/last_modified_date_table.sql,postgres,scripts/storage/last_modified_date_table.sql,.sql,1083,7a86a193cecddd64802118f29d80366cda86b80f3ea9d03fed74aa0c9d0237b9,script,storage,postgres storage helper: last modified date table.,READ_ONLY,True,[],False,scripts/storage/last_modified_date_table.sql
postgres:scripts/storage/lob_columns.sql,postgres,scripts/storage/lob_columns.sql,.sql,1237,a167e1e97996d6f655d75eb0aac17e7f193386369670e9256bb1f4a01a7ee00a,script,storage,postgres storage helper: lob columns.,READ_ONLY,True,[],False,scripts/storage/lob_columns.sql
postgres:scripts/storage/lob_size.sql,postgres,scripts/storage/lob_size.sql,.sql,922,bc42c9e034b06dc80d4a10a33d7c6e560735a1d8081ae974df8824ce5e9c50cd,script,storage,postgres storage helper: lob size.,READ_ONLY,True,[],False,scripts/storage/lob_size.sql
postgres:scripts/storage/partition_segments_boundaries_dms.sql,postgres,scripts/storage/partition_segments_boundaries_dms.sql,.sql,1039,8a5bbda3eff3fe0816f9dcec37b7bb1abc1258d4c4346fc671c37e5404c88c96,script,storage,postgres storage helper: partition segments boundaries dms.,READ_ONLY,True,[],False,scripts/storage/partition_segments_boundaries_dms.sql
postgres:scripts/storage/partitioned_table_create.sql,postgres,scripts/storage/partitioned_table_create.sql,.sql,1457,e0d037b117ca8f64e8364aa451c0c5a8e9ac1e440af5608c9fdf317c37877ea5,script,storage,postgres storage helper: partitioned table create.,CHANGES,True,[],False,scripts/storage/partitioned_table_create.sql
postgres:scripts/storage/partitions_by_table.sql,postgres,scripts/storage/partitions_by_table.sql,.sql,1294,2470a79e44d266af76a5578c2c071c29d1b35170939287fda66e5cfb10db7730,script,storage,postgres storage helper: partitions by table.,READ_ONLY,True,[],False,scripts/storage/partitions_by_table.sql
postgres:scripts/storage/pg_freespace.sql,postgres,scripts/storage/pg_freespace.sql,.sql,794,fcbc4202b9797a7fd0510638420d0ae4abb683a52b8e34ebb5ee0b9d04377fd5,script,storage,postgres storage helper: pg freespace.,READ_ONLY,True,[],False,scripts/storage/pg_freespace.sql
postgres:scripts/storage/pg_size_pretty.sql,postgres,scripts/storage/pg_size_pretty.sql,.sql,792,58a213ca991eabc555a7e13c33995eaba8bdeb0ef701be13ec708484d6c9895e,script,storage,postgres storage helper: pg size pretty.,READ_ONLY,True,['tabletest'],False,scripts/storage/pg_size_pretty.sql
postgres:scripts/storage/pg_tablespace.sql,postgres,scripts/storage/pg_tablespace.sql,.sql,847,b6f92f1d0790897c609e542063537f44a4a6b01a9c21e58976285757bff9e21f,script,storage,postgres storage helper: pg tablespace.,READ_ONLY,True,[],False,scripts/storage/pg_tablespace.sql
postgres:scripts/storage/pg_tablespace_size.sql,postgres,scripts/storage/pg_tablespace_size.sql,.sql,831,e711eedd70fca03100b5579973f1b50d2b258bced8a2b857a4394b798f154216,script,storage,postgres storage helper: pg tablespace size.,READ_ONLY,True,[],False,scripts/storage/pg_tablespace_size.sql
postgres:scripts/storage/rds_temp_tablespace_usage.sql,postgres,scripts/storage/rds_temp_tablespace_usage.sql,.sql,981,08a3a10ddcf138eda3eec040d7afa943eab37c298d173948dd99c2d142509ac3,script,storage,postgres storage helper: rds temp tablespace usage.,READ_ONLY,True,[],False,scripts/storage/rds_temp_tablespace_usage.sql
postgres:scripts/storage/size_by_schema.sql,postgres,scripts/storage/size_by_schema.sql,.sql,1088,f18ac721d632fd4ebdd0d8b2439a334a4222e69886cacc9f161e99b8b79898ef,script,storage,postgres storage helper: size by schema.,READ_ONLY,True,['bigint'],False,scripts/storage/size_by_schema.sql
postgres:scripts/storage/table_size.sql,postgres,scripts/storage/table_size.sql,.sql,1924,6035575f3fa441698e774160938f35813d4e1857f88fe3f38b4ec2e83783c438,script,storage,postgres storage helper: table size.,READ_ONLY,True,[],False,scripts/storage/table_size.sql
postgres:scripts/storage/test_loadtable.sql,postgres,scripts/storage/test_loadtable.sql,.sql,197489,b6eb7729fca0fb9f58ea2890319035869d60a57e9e84688b3c3fc676cdc1e431,script,storage,postgres storage helper: test loadtable.,CHANGES,True,[],False,scripts/storage/test_loadtable.sql
postgres:scripts/utilities/README.md,postgres,scripts/utilities/README.md,.md,1998,f612acf49ddd682498592fc757fc3f90774687c394ffbb278aafc026a328b6df,documentation,utilities,postgres utilities helper: README.,REVIEW,True,[],False,scripts/utilities/README.md
postgres:scripts/utilities/au.aurora_show_volume_status.sql,postgres,scripts/utilities/au.aurora_show_volume_status.sql,.sql,851,aa7b898b80f206c11a845a93b38be2f3c1220f3d2661bc8a3f1acfa9f084a92f,script,utilities,postgres utilities helper: au.aurora show volume status.,READ_ONLY,True,[],False,scripts/utilities/au.aurora_show_volume_status.sql
postgres:scripts/utilities/au_ccm_status.sql,postgres,scripts/utilities/au_ccm_status.sql,.sql,961,850c0906578696042c4c589ef802190b3d704f26ef7655ce2bf17a5f5736dce6,script,utilities,postgres utilities helper: au ccm status.,READ_ONLY,True,[],False,scripts/utilities/au_ccm_status.sql
postgres:scripts/utilities/au_version.sql,postgres,scripts/utilities/au_version.sql,.sql,779,c1497d87a62005db3f106e264f1879226b19875a68e74e405c6aebd0cef78484,script,utilities,postgres utilities helper: au version.,READ_ONLY,True,[],False,scripts/utilities/au_version.sql
postgres:scripts/utilities/aurora_show_volume_status.sql,postgres,scripts/utilities/aurora_show_volume_status.sql,.sql,1030,8bb512b0342364944eab8007597b924b6e3a0197bf8801c2daacf87982f1b5f8,script,utilities,postgres utilities helper: aurora show volume status.,READ_ONLY,True,[],False,scripts/utilities/aurora_show_volume_status.sql
postgres:scripts/utilities/awsdms_support_collector_postgres.sql,postgres,scripts/utilities/awsdms_support_collector_postgres.sql,.sql,46032,6ccd274863d14f6f3146fbdbbba43f2d8d4c6a4c25380d7b41c71883aa4f9790,script,utilities,postgres utilities helper: awsdms support collector postgres.,DESTRUCTIVE,True,"['Black', 'Consolas', 'White', 'bigint', 'black', 'bold', 'integer', 'is_eq_9', 'is_ge_10', 'is_non_rds', 'is_rds', 'none', 'regclass', 'text', 'timestamp', 'top', 'v_connector', 'v_owner', 'verdana']",False,scripts/utilities/awsdms_support_collector_postgres.sql
postgres:scripts/utilities/background_script.sql,postgres,scripts/utilities/background_script.sql,.sql,1269,bb01c720f7b7e4975bd457cd7ca8c50a209fd7d685fbe4c82b8082c7bb52b7a9,script,utilities,postgres utilities helper: background script.,READ_ONLY,True,[],False,scripts/utilities/background_script.sql
postgres:scripts/utilities/character_set.sql,postgres,scripts/utilities/character_set.sql,.sql,850,721fa759f69ef8ef13c811d5dccde0c0cb980d871e5c813de7aad1e4c9942e5d,script,utilities,postgres utilities helper: character set.,READ_ONLY,True,[],False,scripts/utilities/character_set.sql
postgres:scripts/utilities/create_extention_with_schema.sql,postgres,scripts/utilities/create_extention_with_schema.sql,.sql,855,9d83950c99deae576ee408fa3875882e4d0a2078e78e6b442844dee627b41456,script,utilities,postgres utilities helper: create extention with schema.,CHANGES,True,[],False,scripts/utilities/create_extention_with_schema.sql
postgres:scripts/utilities/current_database.sql,postgres,scripts/utilities/current_database.sql,.sql,799,67017356ea2bcb81f64b9e16519abb8bbedca3dccb4d13e85265675ddbb62728,script,utilities,postgres utilities helper: current database.,READ_ONLY,True,[],False,scripts/utilities/current_database.sql
postgres:scripts/utilities/current_env.sql,postgres,scripts/utilities/current_env.sql,.sql,810,078dd8d6c47b5be7e6a4bf8bbf68e4bf67f985a533bcc4d2be751aabb50ee08e,script,utilities,postgres utilities helper: current env.,READ_ONLY,True,[],False,scripts/utilities/current_env.sql
postgres:scripts/utilities/dictionary_views.sql,postgres,scripts/utilities/dictionary_views.sql,.sql,1330,6b3ea3cd925e88db5c6991f231805bfe99cec773654a2ab544961d4e0c2f3154,script,utilities,postgres utilities helper: dictionary views.,READ_ONLY,True,[],False,scripts/utilities/dictionary_views.sql
postgres:scripts/utilities/extentions_list.sql,postgres,scripts/utilities/extentions_list.sql,.sql,843,d76d5ac4316cc7ca31c53ab34c2f2e80a21e30f46ebb52c3de543f01d85e72c9,script,utilities,postgres utilities helper: extentions list.,READ_ONLY,True,[],False,scripts/utilities/extentions_list.sql
postgres:scripts/utilities/fdw_federated_queries_dblink.sql,postgres,scripts/utilities/fdw_federated_queries_dblink.sql,.sql,2532,0fd98cecf78598d04933871afac490cd9c15f2780fe9a35aeb48324d2b48ffa0,script,utilities,postgres utilities helper: fdw federated queries dblink.,CHANGES,True,['text'],False,scripts/utilities/fdw_federated_queries_dblink.sql
postgres:scripts/utilities/idle_connections.sql,postgres,scripts/utilities/idle_connections.sql,.sql,1100,7c386edf49c82f6d976c4782805d9f16dc878fa0aaa6e62611610de776580191,script,utilities,postgres utilities helper: idle connections.,READ_ONLY,True,[],False,scripts/utilities/idle_connections.sql
postgres:scripts/utilities/ip_client.sql,postgres,scripts/utilities/ip_client.sql,.sql,779,cb97c7c5b6061f2bd784d76b054056d21e1b8838bf17a5dbe4427d8ad10eab01,script,utilities,postgres utilities helper: ip client.,READ_ONLY,True,[],False,scripts/utilities/ip_client.sql
postgres:scripts/utilities/ip_server.sql,postgres,scripts/utilities/ip_server.sql,.sql,778,52eee146e7cb6a7182b39eec187c0a86e0c1769ed9fa9a48f6852f8817b000f1,script,utilities,postgres utilities helper: ip server.,READ_ONLY,True,[],False,scripts/utilities/ip_server.sql
postgres:scripts/utilities/kill_all_connections.sql,postgres,scripts/utilities/kill_all_connections.sql,.sql,1086,8ccd795ba436aa8c7de75cbde4a248d001ed732c9144d71f166688eeca2f6259,script,utilities,postgres utilities helper: kill all connections.,DESTRUCTIVE,True,[],False,scripts/utilities/kill_all_connections.sql
postgres:scripts/utilities/list.sql,postgres,scripts/utilities/list.sql,.sql,925,1a49ae4e6c928bdebfb0b5bfcd5150f5ca002f776c62f4f244c1dfd5e8062025,script,utilities,postgres utilities helper: list.,READ_ONLY,True,[],False,scripts/utilities/list.sql
postgres:scripts/utilities/long_running_transactions.sql,postgres,scripts/utilities/long_running_transactions.sql,.sql,1032,1cae2970313837c06167d8fc44e089008b2c3c03919b670873bf4cd74f83c63d,script,utilities,postgres utilities helper: long running transactions.,READ_ONLY,True,[],False,scripts/utilities/long_running_transactions.sql
postgres:scripts/utilities/loop_select.sh,postgres,scripts/utilities/loop_select.sh,.sh,832,4adfd058b6d4d6eecc7316b7c2daed77d1b40dc7def31734d4d03b0ba7ff2857,script,utilities,postgres utilities helper: loop select.,READ_ONLY,True,[],False,scripts/utilities/loop_select.sh
postgres:scripts/utilities/param_file_location.sql,postgres,scripts/utilities/param_file_location.sql,.sql,800,410dccc6c138e549f1f489c8ecefc9542048f6449ad7282ed4e814ad053a8349,script,utilities,postgres utilities helper: param file location.,READ_ONLY,True,[],False,scripts/utilities/param_file_location.sql
postgres:scripts/utilities/pg_database.sql,postgres,scripts/utilities/pg_database.sql,.sql,784,c31b70cbe849d77781d3c7c01705eeb603726c33060a56db8361c6a0eb322ee8,script,utilities,postgres utilities helper: pg database.,READ_ONLY,True,[],False,scripts/utilities/pg_database.sql
postgres:scripts/utilities/pg_extention.sql,postgres,scripts/utilities/pg_extention.sql,.sql,1107,f8d41e9773d1d16bc9efa6649e3b1748e61082bd60b0f86beb544500f2f152c1,script,utilities,postgres utilities helper: pg extention.,READ_ONLY,True,['pg_catalog'],False,scripts/utilities/pg_extention.sql
postgres:scripts/utilities/pg_is_in_recovery.sql,postgres,scripts/utilities/pg_is_in_recovery.sql,.sql,804,914e621e45f098d2d0877b9e211eacb3abf860abaf83dd9a03dea08fc7fa6c2d,script,utilities,postgres utilities helper: pg is in recovery.,READ_ONLY,True,[],False,scripts/utilities/pg_is_in_recovery.sql
postgres:scripts/utilities/pg_ls_dir.sql,postgres,scripts/utilities/pg_ls_dir.sql,.sql,842,849a304e8af1463accc9092fb2c8146b676ff0aba9ac1155da06a56dafc34a03,script,utilities,postgres utilities helper: pg ls dir.,READ_ONLY,True,[],False,scripts/utilities/pg_ls_dir.sql
postgres:scripts/utilities/pg_prepared_xacts_orpaned_transactions.sql,postgres,scripts/utilities/pg_prepared_xacts_orpaned_transactions.sql,.sql,1002,62d9dcc1bc0dcd5ea6cf473d415d11ce3f8f914621e46dc251483ee3099bf516,script,utilities,postgres utilities helper: pg prepared xacts orpaned transactions.,READ_ONLY,True,[],False,scripts/utilities/pg_prepared_xacts_orpaned_transactions.sql
postgres:scripts/utilities/pg_prewarm.sql,postgres,scripts/utilities/pg_prewarm.sql,.sql,1343,999c153328e7567269ce723121e8c724f81d01c785f301b34a5930e4e3e63035,script,utilities,postgres utilities helper: pg prewarm.,DESTRUCTIVE,True,['regclass'],False,scripts/utilities/pg_prewarm.sql
postgres:scripts/utilities/prepared_transactions.sql,postgres,scripts/utilities/prepared_transactions.sql,.sql,864,1002956f455875c60a0291ad1c3e57d3abaa4ade7bd34174ab57ba2058a8059b,script,utilities,postgres utilities helper: prepared transactions.,READ_ONLY,True,[],False,scripts/utilities/prepared_transactions.sql
postgres:scripts/utilities/psql.sh,postgres,scripts/utilities/psql.sh,.sh,871,551d7dfeab60f581b591f231e99baac44ac91979061c36bcc6b379b4de43cb72,script,utilities,postgres utilities helper: psql.,REVIEW,True,[],False,scripts/utilities/psql.sh
postgres:scripts/utilities/psql_nohup.sh,postgres,scripts/utilities/psql_nohup.sh,.sh,880,78d194be08bfec9208e82f79fd0eb65cb4eec998461d2738de590e8a1df003c3,script,utilities,postgres utilities helper: psql nohup.,REVIEW,True,['PGPASSWORD'],False,scripts/utilities/psql_nohup.sh
postgres:scripts/utilities/schemas.sql,postgres,scripts/utilities/schemas.sql,.sql,871,14e78d363a94de8f517b439a5bdeb780566070b8b549da2c04bcbd16ef906ae5,script,utilities,postgres utilities helper: schemas.,READ_ONLY,True,[],False,scripts/utilities/schemas.sql
postgres:scripts/utilities/search_path.sql,postgres,scripts/utilities/search_path.sql,.sql,868,c528dc2c1da6eca5c071628799464e7fa6f614bc61ad2b52349e4571a1318295,script,utilities,postgres utilities helper: search path.,CHANGES,True,[],False,scripts/utilities/search_path.sql
postgres:scripts/utilities/stress_test.sql,postgres,scripts/utilities/stress_test.sql,.sql,951,0f3555830c77b971eb2eb7fda92d7c88fcf360c179f5ab8887f39a200c40aa13,script,utilities,postgres utilities helper: stress test.,READ_ONLY,True,[],False,scripts/utilities/stress_test.sql
postgres:scripts/utilities/triggers.sql,postgres,scripts/utilities/triggers.sql,.sql,1070,3801d6707794db6d24c5868c31c3e1d72ecb33a98e2e4f9af9b622c808f2bae1,script,utilities,postgres utilities helper: triggers.,READ_ONLY,True,[],False,scripts/utilities/triggers.sql
postgres:scripts/utilities/triggers_ddl.sql,postgres,scripts/utilities/triggers_ddl.sql,.sql,844,f24ad79bf410fe848b5813820fb3ac926484f689afce6cf43624c789dfad362a,script,utilities,postgres utilities helper: triggers ddl.,READ_ONLY,True,[],False,scripts/utilities/triggers_ddl.sql
postgres:scripts/utilities/uptime_server.sql,postgres,scripts/utilities/uptime_server.sql,.sql,850,285e498fcd88209e9a0feb7b4f24caeda1b597ad72846cfb43d4f0d333c6e60d,script,utilities,postgres utilities helper: uptime server.,READ_ONLY,True,[],False,scripts/utilities/uptime_server.sql
postgres:scripts/utilities/version.sql,postgres,scripts/utilities/version.sql,.sql,763,dd1758cda189ffc4933f92fb16a6effba20caca47ea0f9f8abcc01be6c3a95d2,script,utilities,postgres utilities helper: version.,READ_ONLY,True,[],False,scripts/utilities/version.sql
postgres:scripts/utilities/work_mem.sql,postgres,scripts/utilities/work_mem.sql,.sql,789,1f74366f90e6fe8334eda89ddcb71ec075538d1bb0978a400793a8920de0870e,script,utilities,postgres utilities helper: work mem.,READ_ONLY,True,[],False,scripts/utilities/work_mem.sql
